nome,senha,mensagem
Isaque da Paz,t#+*8Botk+,Dolorum eius doloremque reiciendis maiores.
Manuella da Conceição,)Z9m@IUijn,Maiores odio nisi non. Impedit sequi eius.
Erick Porto,nR+9Y2Vp^Q,Culpa voluptatem sint quos omnis iure.
Diego da Cruz,Qc2F^9Z77@,Earum fuga molestias cupiditate nemo nulla.
Ana Carolina Pires,o4j%Zu7+(N,Animi eaque nihil excepturi eligendi alias.
Vitor Gabriel da Paz,9P*7yyRe+t,Adipisci perferendis ipsam nulla delectus.
Isadora Rodrigues,&2hB7*5hU@,A vitae voluptate.
Rhavi da Rosa,8ElC%c$Z^9,Sunt qui quod iste expedita hic placeat.
Stephany Ramos,&Cl8Ul9c81,Aut cum quia voluptatibus.
Helena Sales,$5FlNHo373,Vel non dicta dolore.
Srta. Maria Cecília Nascimento,*b3uqPmxa+,Eos veniam quibusdam cumque maxime numquam.
Dr. Murilo Pastor,n4Glj!aK($,Facilis minus ducimus molestiae molestiae.
Kevin Oliveira,$CgGKijt7I,Nam eaque odit. Nemo quod fugit qui molestias.
Joaquim Fonseca,10N5BQhs_&,Ab tempore ab quas.
Felipe Duarte,3y6shArXs#,Nihil exercitationem repellat debitis magnam.
Arthur Gabriel Moura,8B4n*3Ps_@,Nemo commodi praesentium quas odit cumque.
Maria Fernanda da Paz,V0CPK7Xg%7,Saepe repellat nisi exercitationem omnis.
Ryan da Costa,$3jIRRjawE,Necessitatibus asperiores maiores.
Vitória Cardoso,3mNnz(ng&%,Hic necessitatibus earum doloremque ipsum fuga.
Liz Oliveira,)ntBvxKcH1,Tenetur enim sed quod eligendi.
Stella Araújo,@3FX8FoWM6,Debitis voluptas nulla error.
Sr. Bruno Freitas,JaEcfTbg*4,Ea doloribus facilis illum.
Sarah Casa Grande,&3EjUd7H&m,Delectus tempore cumque deserunt quia illo.
Ravi Lucca Sampaio,_RLnntXhi5,Eligendi iusto labore explicabo neque.
Helena das Neves,xl+1Pb#L^Q,Sapiente atque enim ullam natus.
Emanuella Duarte,_I0duQhMYF,Quisquam natus a nisi est quae numquam esse.
Vitor Hugo Caldeira,H&50*USw!Y,Et maiores sed sapiente.
Sr. Enzo Ribeiro,GN7s@rWiB(,Nemo assumenda architecto aliquam fuga sequi.
Eduardo Rocha,l4g+7DBf@&,Nostrum sint accusantium at.
Valentim Viana,Tb1tWzpy_w,In iure nihil non nisi exercitationem laboriosam.
Emanuella da Cruz,ZGV6Ev6id#,Accusantium magni exercitationem blanditiis.
Alana da Luz,S!V1F6djtD,Culpa tenetur distinctio enim.
Anthony Gabriel Cirino,wN4gGesNw#,Asperiores eaque molestias qui.
Brenda Almeida,+Oh@0Qxn8R,Libero cum accusamus asperiores enim quisquam.
Matheus Garcia,7&6DrcAahn,Ipsam tempore eius perspiciatis beatae sint.
Maria Moreira,^f$NH#bo7*,Ex esse magnam. Dolores voluptatem eveniet ex.
Rael Moura,f*6wsaUivk,Saepe placeat nihil aperiam libero beatae ab.
Vinícius Pimenta,uKG1NYJi!Z,Laborum eum autem ad animi pariatur nihil.
Samuel Cassiano,u_O*5zK#cg,Natus dicta facilis pariatur reiciendis.
Mathias Moreira,I!3(5WQl^!,Natus veritatis deserunt ducimus.
Nicolas Gomes,zJA+4Sgh8F,Harum sed fugit.
Aurora Campos,PB3&0ZNj^E,Sint laboriosam eos voluptas illum repellendus.
Luara Silva,&bB+uii+@8,Impedit ducimus fuga repellendus cumque.
Bianca Aparecida,+g5P6vxow3,Illo necessitatibus exercitationem commodi.
João Guilherme das Neves,5en7L4AvR%,Quam eveniet facilis.
Dra. Rafaela Marques,)62^CLrvmB,Perferendis ea sint magnam hic non.
Sara Albuquerque,a6MeynBc*_,Doloribus eos eveniet rem sequi.
Emilly da Cunha,rY92Dlwm0$,Nisi et pariatur neque esse.
Cauã Castro,Q#$zUxk#$4,Recusandae illo natus culpa rem ipsam dolor quis.
Lavínia Pinto,HiCAU9j8%2,Id suscipit magnam.
Dra. Manuella Costa,)qMHf$sW&7,Vero dolore cum eum officiis.
Sra. Larissa Martins,%e^4I5Pker,Eaque nesciunt laborum minima possimus esse.
Sra. Sofia da Mota,#E19jMtA^c,Unde dolores repellat error quis fugit.
Rodrigo da Luz,!AOw4FJl^%,At suscipit tempora. Enim itaque atque amet enim.
Joaquim Rodrigues,Ur6z6Toi$m,Optio repudiandae rem fuga.
Sra. Bella Martins,91xBEf!l@#,Enim quae necessitatibus a cum quod officia.
Dr. Thales Souza,+lu&sXjbF5,Culpa impedit quos excepturi labore nam.
Alexandre Ferreira,fkYsisiG#9,Itaque ea occaecati occaecati.
Ayla Cirino,!YKtAB6o_4,Facere fuga minima deserunt.
Davi Luiz da Mata,4CV@0nQd6j,Exercitationem molestiae tempora.
Sr. Cauã Garcia,sMrQUv7i$7,Voluptatum accusantium quae.
Zoe Pires,1a%W7ZPgMC,Rerum quisquam fuga accusamus incidunt possimus.
Sra. Maria Isis Vasconcelos,c^B0Bqs!eY,Minus amet rem aperiam.
Evelyn Santos,E5NMpBkl_I,Eveniet laborum voluptates sequi nihil velit.
Davi Lucca Aparecida,%6ILBtrjVZ,Quaerat reiciendis distinctio.
Enzo Cirino,h+5%Z$czWa,Natus reiciendis quam nihil.
Luiza Jesus,JE1JTYok)2,Libero alias necessitatibus saepe.
Stephany Casa Grande,x_0T)Mh0T_,Suscipit debitis totam harum eos totam.
Lucas Gabriel da Costa,^4DFHnrmPk,Accusantium doloremque tempore.
Benicio Ferreira,!Kte8ANnU5,Rerum aut id. Culpa officia non mollitia.
Sr. Lucca da Conceição,g40kjyCqO*,Cum cum dignissimos aspernatur.
Luísa Araújo,@6HYoYRgqU,Perferendis dolor similique illum ipsam nemo.
Vinicius Fogaça,*35d0HDocd,Eos quia impedit tempora possimus perspiciatis.
Ana Cecília Novais,c0_LfLR5#s,Minima fugiat ad natus laudantium tempore.
Francisco Carvalho,fd003A7m8$,Ipsam nam totam possimus consectetur qui.
Sofia Pimenta,0PFiCBlI+T,Nemo tempora ad sit.
João Felipe Melo,zzx91*Ai)e,Quasi saepe mollitia ipsa atque numquam.
Srta. Elisa Abreu,_7SjQgFG)v,Quaerat est sint.
Srta. Laura Rocha,b6!s6DZyS+,Blanditiis praesentium iusto placeat saepe.
João Vitor Albuquerque,&i6fHjRT(C,Reiciendis beatae ratione. Nemo nisi laudantium.
Paulo Nunes,#uUGqLPlG4,Animi saepe ex minima eveniet.
Yuri Gomes,&NliQ2OkSK,Impedit amet voluptates eligendi provident magni.
João Felipe Cunha,L!9VJa)$(V,Tenetur delectus in dicta repellendus error.
Agatha da Cruz,w*c8@nTtpW,Quia ducimus dignissimos repellat porro maxime.
Isabella Macedo,%519jaVfE^,Facilis quidem commodi necessitatibus.
Asafe Machado,y5nYIClq(7,Dicta similique pariatur deleniti dolorem.
Eduarda Rios,@WS9eVW5H2,Iusto tempore perferendis quibusdam harum.
Dr. Breno Ribeiro,_b26KQhXt4,Nisi tempora dolorum modi.
Dr. Caleb Costela,gMr9PzJpL#,Quaerat veniam modi odit cupiditate assumenda.
Dra. Juliana Silveira,04_cQruC&w,Fugiat earum optio sed beatae natus.
Heloísa Novaes,C+0rMweU(n,Labore suscipit eum reiciendis.
Lucas Fonseca,%6Ug&Cf90c,Repellat suscipit unde qui quibusdam iure.
Sr. Thiago Ferreira,O)1Kvr_ygQ,Repellendus eaque iure perferendis.
Ana Sophia Fonseca,&tnD2gkT5p,Nisi aperiam sint corporis pariatur reiciendis.
Maria Fernanda Duarte,@M_pN0InF1,Ratione iste nulla.
Aylla Nunes,!8JZc6ML*2,Ullam corporis quia culpa debitis culpa quia.
Sr. José Miguel Rezende,atI3SBef*!,Perferendis voluptatum accusantium quasi quos.
Sra. Eduarda Ribeiro,_3!&OwGpNs,Perspiciatis expedita ea labore.
Eduarda Cirino,125IYIig+$,Totam ab repellendus suscipit.
Anthony Borges,^HV6#*LcnQ,Atque reiciendis consequuntur mollitia laborum.
Alexandre Nogueira,#HU(g#fa3L,Veniam qui culpa enim perferendis fugit.
Leandro da Rosa,+Xj848GowC,Omnis veniam nesciunt dignissimos doloribus esse.
Jade Moura,#i*8&LmbN!,Quidem blanditiis nostrum laudantium numquam.
Diogo da Cruz,p(iY5OhmrI,Nulla labore nulla.
Sr. Ravi Rezende,t#38AIw8jU,Rem nisi dignissimos temporibus praesentium.
Joaquim Barros,0T0DvAj_^z,Possimus quia vero asperiores.
Agatha Viana,zy4KSd8O$@,Recusandae aut molestiae quos.
Jade Caldeira,%O%8LHxsrt,Ducimus minus nostrum enim quo debitis.
Sr. Gustavo Henrique Siqueira,)5KxUEv%f2,Facilis fugiat repudiandae.
Dr. Lucas Gabriel Barros,+FqH6MGcxP,Libero odio quisquam excepturi.
Mathias Andrade,!)2DtjuR)9,Fuga numquam recusandae debitis sunt facere.
Sofia Garcia,G*W4Rqy#M_,Quo praesentium pariatur animi alias architecto.
João Gabriel Pinto,FK7ufQskU@,Architecto quia quibusdam.
Eloá Sales,B@8eH46a5T,Dolore repellat cum atque.
Maysa Ramos,i19NIpdUb*,Magni cum tenetur.
Isaque Camargo,FnCm0KSo&0,Quaerat aut autem doloribus commodi.
Maria Luísa Garcia,3IIQuE4b*E,Nemo aut quidem aut reprehenderit.
Luiz Miguel Castro,8*2!LpKjpk,Natus ullam voluptatum quisquam.
Sr. Kaique Guerra,MmrAJAo*+2,Sed numquam totam ipsam beatae.
Renan Porto,5d!E1APn+7,Voluptates fugiat sunt sit quibusdam corrupti a.
Gabriel Fonseca,_X0HDsjfw2,Illum voluptates tempore eaque nobis.
Lorena Fogaça,3J@qbkxX$e,Quod distinctio molestias aperiam.
Ana Sophia Moreira,V$dm_7NaNw,Voluptas ratione sint pariatur eaque sint.
Murilo Novais,4s9W+FOnf#,Culpa perspiciatis molestias ullam.
Theo Abreu,H)5FnONsK_,Maxime vero ab mollitia.
Dr. Arthur Vieira,O@R8QIgA+o,Ea quae expedita.
Dr. Pietro Mendes,2*857YzrEj,Velit debitis doloremque dolore.
Léo Oliveira,#@c0Yhbk9&,Consectetur animi exercitationem id optio.
Sr. João Felipe Duarte,$5TM*dY0+c,Nam asperiores aperiam recusandae.
Dra. Carolina Correia,jW3OCdse_1,Sed facilis sapiente necessitatibus.
José Fogaça,^8eA+bqLJk,Temporibus natus animi omnis saepe.
Leandro da Conceição,M!9q5Zz8&r,Vel quas deserunt ex.
Sophie das Neves,*8lHkfi0OS,Culpa qui ipsam harum error enim porro repellat.
Alexandre Melo,$rYEWsJxy1,Sed doloremque nobis incidunt nihil eius fugiat.
Ana Beatriz Vieira,+HOtkyt+3K,Quos dolores quaerat vero vero.
Rafael Leão,(q27_TpzJo,Nisi rerum quod placeat dolorum maxime.
Isaac Lopes,K@0fJ7Lh2C,Laboriosam esse illo.
Henry Gabriel Guerra,xc3FNr1U_E,Nulla beatae non nam vitae labore quasi repellat.
Théo Costa,jlvLfb3x%1,Excepturi nobis aperiam distinctio ut doloremque.
Júlia Guerra,Y%8CGLncF(,Vitae reiciendis illo perferendis.
Rafaela Silva,56yN^eaq(I,Voluptatibus reprehenderit recusandae optio.
Mariane Peixoto,7&UC4zRx+G,Error placeat expedita fuga.
Maria Alice Guerra,zr3Hm3ekR!,Nulla excepturi quis magnam eos.
João Guilherme Pacheco,qi_S9Qy415,Quam repellendus consequuntur voluptatum harum.
Catarina Mendes,&z0UXflR9a,Neque tempora totam optio. Numquam neque nemo.
Evelyn da Cunha,4*8EkdpavL,Voluptatibus minus consectetur quisquam fugiat.
Zoe Viana,Hd1FAbi%a+,Dicta voluptates delectus tenetur ea perferendis.
Maria Cecília Nunes,H^9dN(KOIe,Non dignissimos quisquam omnis.
Alexia Vieira,W2qMx!v7!+,Consequuntur magni debitis quos blanditiis.
Sr. Arthur Casa Grande,(5NSPW5Qsy,Voluptate porro libero.
Cecília da Costa,pwXM!TDy#2,Dicta sequi minus impedit.
Ravy Martins,@bB4en+fw5,Temporibus ab harum sed non.
Srta. Jade Mendes,b6dq7VCd#F,Inventore non earum architecto iure cum nisi.
Vitor Ribeiro,$4%&#VixD(,Rem rerum error error illo.
Danilo Cavalcanti,IO#5cIvEW*,Aspernatur excepturi asperiores.
Davi Lucca Jesus,*8maASy7*a,In voluptatum eaque magni minus ex.
Fernando Montenegro,#N0lml#vr!,Culpa veniam consequuntur harum.
Enzo Santos,v$7EWjvsdv,Delectus veritatis eos unde.
Rael Gonçalves,#_TbyHg21t,Velit sit vel hic fugiat quo dolor.
Ryan Sousa,izLM5R6ut@,Quis expedita consectetur ea.
Bryan Casa Grande,!kqH@FWe$6,Ea rerum porro officiis nisi aspernatur.
Allana Fonseca,(0zLUX3g(D,Reiciendis placeat minus sapiente corporis.
Rafaela Pacheco,1U4CNWXf_7,Sunt nesciunt provident omnis quos expedita.
Sr. João Felipe Cardoso,(Y%1Nk1AO%,Voluptatibus omnis veniam ipsam labore.
Maria Cecília Fogaça,h3oE8pWk$+,Animi cum doloremque consectetur saepe provident.
Evelyn Gomes,qN5f8AeqO&,Inventore quia nesciunt fugit hic minima alias.
Maria Cecília Freitas,(wB)PIyPa6,Possimus iure explicabo ut corporis sint.
Thomas Pacheco,&oy2ZymIz+,Maxime explicabo impedit ab dignissimos aperiam.
Maria Sophia Vargas,JDQZVbio*8,Reprehenderit tempore repellat esse.
Ana Lívia da Rosa,p&8LjgE_j!,Placeat in porro impedit.
Rafaela Cardoso,0P8aFj5h#&,Voluptatem ad deleniti sapiente molestiae vel.
Beatriz Freitas,+1Awj0PvIp,Nemo accusamus sapiente cum.
Maria Laura Costela,!_@15oXdnl,Molestias quidem tempora inventore aut aperiam.
Miguel Ramos,hbS4KqbSl@,Quibusdam quibusdam et distinctio vero.
Rael Novaes,a!EW53EgU7,Similique quos illum ratione.
Luiz Henrique Borges,Wl%5VsTgUy,Quos nisi dolor incidunt dolores enim.
Antony Pereira,9uk8KgLh)M,Nam eveniet veniam minima repellendus sunt.
José Miguel Marques,$5%wDy972m,Mollitia velit quasi quos a voluptatibus.
Srta. Eloá Ribeiro,$knYhAwI$6,Dolor debitis at eos dolor ea dignissimos.
Maria Costela,z0BtwW6&+5,Libero aliquam qui voluptate sunt fugit.
Augusto Rodrigues,l8#YtljX!_,Quas cum porro laudantium veritatis.
Arthur Gabriel Siqueira,)_5NwL+jeU,Eum ullam labore cupiditate nihil dolorum.
Maria Luiza Marques,RQPJXmfD#9,Sed voluptate placeat.
Henry Teixeira,$NRR453jd3,Dicta dolor itaque sunt.
Davi Miguel da Rosa,)uUe1r@hH0,Tempore earum quis ipsum unde.
João Felipe Melo,P6*@6LYz^c,Nihil cumque odit ad mollitia temporibus facilis.
Heloisa Pereira,)pIuGnWk8Y,Deleniti vel culpa. Reprehenderit adipisci in.
Maria Helena Pimenta,_MzV5#Uy6m,Sit tempore alias in quia repellendus doloribus.
Liam Pastor,pj6nD636@7,Magni rerum iusto perferendis qui.
Dr. Thales Ferreira,2lSUg0RCn+,Odit esse ullam enim aperiam.
Maria Laura Rocha,uUS85(3b)*,Quaerat soluta consectetur.
Sabrina Farias,CG*4WZriP%,Sit cupiditate reiciendis eaque nihil.
Dr. Felipe Duarte,!wfYir@b4w,Nemo a voluptatibus vero odio occaecati nam.
Stephany Vasconcelos,Q_0DHFoQl6,Vel suscipit voluptates provident laudantium.
Guilherme da Cruz,F(X7N#v8P+,At consequatur ratione ducimus qui alias.
Maria Liz Monteiro,!*ccZ9Hk1D,Maiores ipsum qui provident.
Clara Campos,BqN2&3Fcv),Ipsam ipsa voluptas enim quasi.
Ana Júlia Rocha,vd*8NkdYKn,Dolorum accusamus perspiciatis nihil.
Aurora Fogaça,!w7pvDqZWS,Enim vitae corporis quod ab.
Emanuelly Vasconcelos,L5H2k^Sx&R,Laborum optio in ipsum pariatur.
Nathan da Mota,@7JMu#eN@2,Nam facere eos dicta perspiciatis ipsa amet.
Ana Luiza Pires,3g#13OGfQ!,Ullam placeat ullam. Dolor et ex eius.
Pedro Miguel Nogueira,nu0CP(aV!A,Aliquam neque sit natus.
João Guilherme Andrade,iYG2Jngmu(,Repellat omnis nisi eligendi.
Rafael Silveira,D_okV9Le0&,Quo hic eos excepturi quo.
Benício Aparecida,G!4Ykx(8*D,Porro aliquam eum earum eligendi nihil sit.
Dra. Maya Cavalcanti,$8AAOxux7p,Doloribus odio ab quos. Autem ipsum ea ipsum.
Nina da Cruz,%JE%8oXJf8,Beatae laudantium aspernatur suscipit velit.
Vitor Hugo Almeida,#D1x3T%lp@,Unde quos corrupti ad.
Nicolas Brito,_KJJRQKlc6,Enim perspiciatis dolores facilis pariatur.
Luiz Miguel Fogaça,Zvq0P%+m@q,Placeat accusantium sint eligendi.
Eduardo Rocha,tav8prWN&0,Quo porro enim tenetur ratione.
Vitor da Paz,dm3LafVd@U,Quos a velit totam consequatur cumque doloremque.
Srta. Maria Garcia,O3UTNuJm!L,Aliquid earum sequi quasi.
Lucas Vargas,)D9sEqNr(Z,Quo eligendi suscipit reiciendis.
Dr. André Cavalcanti,m&7AzXw3CC,Cumque eos soluta culpa sint.
Mateus Machado,US4s+P)f(5,Harum sit sed cum similique adipisci ex.
Dra. Ana Clara Borges,&0t*HasOH^,Illum unde iusto blanditiis.
Maria Júlia da Mota,K+I%e2Es#8,Amet laboriosam mollitia.
Pedro Câmara,R8UGfof0^1,Dolorum animi odit eos impedit iste sunt ad.
Alice da Paz,x^n$AUVzZ1,Autem placeat dignissimos dolores ex.
Sr. Joaquim da Luz,M$3UWwrE6!,Eum minus molestiae similique soluta natus nulla.
Nicolas Duarte,01DU0ZzqR%,Eos facilis sunt ex officia.
Dr. Emanuel Sampaio,1KB_*+@o!q,Fugiat eveniet amet veniam nesciunt enim.
Alícia Fonseca,9$p3jQrFh3,Dolorum dolorem vel asperiores quae sit.
Luana Albuquerque,$1#zV&4kC3,Quasi itaque repellendus atque.
Enrico Moura,G15HdXCZ+h,Quidem amet dolores dolorem itaque enim.
Gustavo Almeida,$6SPci)I$7,Aperiam necessitatibus eaque esse repudiandae.
Francisco Pereira,P9TT)AQt!r,Quis veniam corrupti nemo ratione.
Maria Luiza Vieira,kLk5+3JzT^,Laborum nostrum quibusdam cumque a temporibus.
Lorenzo Campos,*OV61xbcj2,Mollitia numquam ea ducimus aliquid iste.
Juliana Cavalcanti,S@6ET^9whO,Non beatae incidunt voluptatem.
Dra. Daniela Vargas,$)8&WQtG2N,Quidem minima deserunt cumque fuga error fugiat.
Dra. Lorena Rodrigues,cz*3m+Mw#O,Blanditiis aperiam ipsam est quidem ratione.
Rhavi Oliveira,x6gKDuuf@#,Aperiam placeat doloribus sit.
Sra. Mariana Garcia,!S26EQBeu+,Quis voluptatibus aspernatur velit qui.
Valentim Ferreira,%5MmQGw)+N,Impedit placeat nemo omnis nobis.
Yuri Ramos,f3yORK71$4,Magnam ea voluptatibus ipsam distinctio neque.
Matheus Pires,208P$rLb!d,Voluptate quidem consectetur in ad.
Giovanna Pimenta,59D6qzgA_G,Beatae deleniti quam dolorem.
Alice Silveira,t6pE$uy&&K,Ipsam ad perspiciatis enim delectus non rerum.
Alícia da Mata,5raJNEJ&*l,Numquam accusamus nostrum quaerat quidem itaque.
Isis Sousa,bQ2YYda1*1,Amet quas deserunt inventore.
Lavínia Leão,jf2TYgcUA&,Porro possimus in quae harum itaque.
Sr. Antônio Pastor,@3Za3JYfC7,Voluptates laborum sed magnam.
Enrico da Cruz,ip^GNH4n)0,Natus rem nesciunt cumque.
Srta. Nina Nunes,+FE%3gSwJ+,Aliquam voluptatem dolores illo fuga soluta.
Dr. João Araújo,!xQ*5Mfxp#,Nesciunt vitae odio provident laborum assumenda.
Dra. Camila Montenegro,56U1VhLq#T,Quia provident minus error et eos reiciendis.
Evelyn Duarte,YP2CKJva!$,Consequatur ducimus quaerat saepe.
João Lucas Sales,X*$kE0GcA9,Suscipit voluptate ratione earum.
Carlos Eduardo Montenegro,jpV*$2Ony),Neque sint incidunt ratione.
Josué das Neves,@86BQEPd_%,Autem sapiente facere officia eligendi.
Henry Gabriel Ferreira,Pg0(RMHuf*,Dolores deleniti eius architecto.
Clara Siqueira,rv5BJfSA+X,Eaque error perferendis beatae.
Theo da Costa,6RI+4yez&5,Dicta quidem vitae quaerat ducimus tempora.
Davi Luiz Barbosa,2Km8CqMh^6,Ipsum exercitationem ex sequi quae.
Diego Sales,37+(6XFpp6,Doloribus consequatur nesciunt nostrum a.
Maria Vitória Santos,2gg5JqSF*U,Non odio unde. Eveniet modi provident.
Dr. Gael Fernandes,^5E34lKb&u,Dignissimos mollitia at dolorum blanditiis.
Eduarda Gomes,(#7%eLtgkN,Explicabo ex ex debitis.
Lucas da Rosa,kh*7FV#q!I,Iure voluptate explicabo commodi deserunt.
Gustavo Garcia,(3SAgvp%&G,At dolorem dolores vitae nulla necessitatibus.
Sara Cunha,N@0kEzSyL),Dolor tempore saepe vel. Ducimus illo nam quam.
Isadora Caldeira,L(6E+kU9*S,Architecto repudiandae accusamus iste.
Zoe Camargo,K4VknS^+@u,Corrupti vitae aut quo.
Otto Nascimento,+9GEUeut%8,Itaque cumque consequatur est excepturi velit.
Sabrina Rodrigues,H49W2ANd$q,Iusto nisi nostrum quasi ducimus iusto voluptate.
Ravi Lucca Vasconcelos,&eg6Dv%jXd,Incidunt possimus iste laudantium.
Sofia Porto,7dWk!l2v^%,Repudiandae iure totam dolore vero nihil natus.
Sr. Murilo da Paz,(^_Omnv5k9,Sed quae adipisci rerum enim.
Natália Alves,9m+KJ%r()w,Iste delectus distinctio maxime in vel.
Josué Alves,&8HieLfpKG,Alias incidunt ipsum aperiam vitae modi.
Davi Lucas Ramos,fsPVbvLk_7,Velit porro dolor impedit est reprehenderit.
Sra. Sarah Aparecida,w8E(1Ti2L@,Eveniet repellendus ex quo tenetur.
Dr. Otávio Gomes,+43apPr(HL,Ipsam aspernatur modi a ad.
João Gabriel Lima,_nJ+QdR@p2,Architecto iusto tenetur velit neque.
Dr. Caleb Brito,#X329Qc*^h,Reprehenderit voluptas dolores alias.
Danilo da Rocha,_8OAK4v8)Y,Impedit iusto temporibus id temporibus tempora.
Luiza Oliveira,Z+3ZemOoFR,Incidunt ducimus error fugit sint eveniet.
Maria Eduarda Cardoso,hiJ@79Hq3_,Laudantium explicabo sint ipsa facilis nihil.
Marcelo Nunes,y#(8gQKi1K,Dolore eos repellendus doloribus corrupti.
Liz Cavalcante,*82QHz2we$,Repudiandae animi ullam ipsam iure a.
Laís Albuquerque,(0pM%ZdQvj,Provident saepe laborum et harum iure.
Vitória Pimenta,5yh2EkQC!b,In itaque quod voluptatem quia corporis.
Igor Ribeiro,wzEK&uKK@5,Consectetur repudiandae iste ipsam.
Ágatha Mendonça,33QcVS^u!f,Nihil tempora deserunt necessitatibus vitae eius.
Yan Ramos,PCj4ipqd^4,Esse unde nam magni expedita odio dolore.
Ester da Rocha,Ea4figOm*$,Aperiam non porro perspiciatis eveniet in optio.
Maria Vitória Pires,551R3YYdK%,Sit officiis corrupti est rerum aut unde.
Ana Carolina Souza,E)i0)TDkbE,Unde repellat accusantium tempore.
Lorenzo Gomes,#zM2OSbxF6,Assumenda illum dolore eos eveniet assumenda.
Vitor Machado,O^n2Xqux*F,Inventore corporis sapiente debitis.
Davi Lucca Abreu,^3*frPRQht,Quisquam necessitatibus modi ad.
Joana Cunha,Gk&RAry(@9,Nemo sed dolor corrupti ea error.
Benicio Novaes,Z_h4fAjT#u,Accusamus facilis dolorum maiores dolorem.
Oliver Novais,QJfGN8neP@,Vero excepturi quia rem.
Sr. Luigi Ramos,GiBpziEP#1,Mollitia cupiditate ipsa quas.
Sra. Bárbara Cunha,h*09Nn7M4V,Alias neque itaque doloribus.
Isis Duarte,wp02Y+o4B*,Neque non totam aliquam rerum unde.
Guilherme da Conceição,b5!(+gvv*Y,Explicabo esse dignissimos minus qui magnam fuga.
Raul Lima,!r4VYhM7j4,Reiciendis sapiente quae alias delectus nesciunt.
Dr. Noah Sampaio,*TILLch$i9,Ullam ex aliquid excepturi corrupti aperiam at.
Allana Marques,_2UDS8aDDP,Tenetur eos facilis magni recusandae.
Dom Sousa,Z5BhiPcx@s,Quos id rem quae quae.
Sra. Ana Cecília Pinto,H+0FfNjO@Q,Tempore amet voluptate vitae.
Cauê Aragão,ZiZwHn_*_7,Repellendus enim fugit error totam incidunt.
Bruno da Costa,@@9o_XrzH8,Reiciendis delectus perspiciatis numquam.
Rael Albuquerque,In4qKHIh##,Et placeat mollitia nihil.
Laura Ribeiro,_dY0W$8Gq6,Hic qui minus ad.
Maria Luísa da Mota,d%rR4Cc(H#,Molestiae qui fuga corporis odit.
Yuri Azevedo,q+8zTMwmb#,Libero quia tempore sunt quod doloremque quam.
Maria Júlia Jesus,)u+0TsWq0_,Rerum minus ex repellat dolor incidunt.
Dra. Liz Santos,ac7NInIr_$,Provident adipisci reprehenderit explicabo minus.
Maria Laura da Costa,*$5QjYwMj8,Dignissimos esse quod.
Luigi Dias,%$5pKVfX2%,Molestias accusantium eaque exercitationem in.
Sophia da Cunha,6%rDw7OjAS,Nam doloremque debitis aut animi eius corrupti.
Felipe Fernandes,g0hVi1Ql*4,Veniam porro animi nemo.
Gustavo Abreu,#2^hvHVm_x,Ipsa fuga quidem nesciunt cupiditate natus.
Bianca Santos,v+f99CiqDw,Mollitia laudantium odit non provident optio.
Sra. Heloísa Fonseca,%1IUr%u*3J,Fugiat ipsa reiciendis. Beatae quia fugit minima.
Ana Garcia,+LFN2Qd3xi,Dolor minus vero accusamus quibusdam.
Juan Siqueira,@#9HEMNjZj,Commodi minus temporibus molestias.
Dr. Otávio Barros,oz$GYmft*2,Ab libero porro deleniti optio.
Valentina Andrade,jd2WZrmy2%,Exercitationem blanditiis provident illo.
Brayan Nascimento,&0dV+7Dh&X,Temporibus voluptas aut nihil autem dolor atque.
Dra. Mariana da Costa,sA(3MzDrtN,Quas iure veritatis quas perspiciatis.
Brayan Sá,U9qLMPhx+0,Ipsam ipsam dolores molestias distinctio vel non.
Anthony Nascimento,m5+iZYuq&E,Perspiciatis in dolorum sequi quidem.
Nicolas Gonçalves,Zs$p7Yxu_0,Ut a dolore quam eveniet voluptatem.
Cecilia da Rosa,@qCJkz4fu6,Suscipit hic illo qui placeat tempore maiores.
Srta. Mirella Borges,)313UavkW+,Amet perspiciatis dolore at quia impedit.
Dr. Pedro Lucas Andrade,C9)ySO4g%Q,Magnam quam iste ratione ea.
Lívia Marques,*6UdRtqz&U,Architecto quia omnis beatae dolorum modi porro.
Felipe Sá,LmSUs_)0&3,Officiis laudantium quod quasi incidunt.
Henry Dias,g3p$6yKwJQ,Libero quam cumque dolores.
Levi Porto,%)N49rTui8,Ad tempora magni sequi ab.
Srta. Gabrielly Sá,3rZ7y(O2&J,Ducimus doloremque praesentium sint dignissimos.
Dr. Theo Cassiano,&MUw5sLh7W,Ipsa neque blanditiis.
Lucas Novaes,%6Qa&tPa+B,Ea aliquid debitis odio eum doloremque labore.
Dr. Samuel Lopes,&MJki(MF38,Magnam autem minus enim accusantium quam porro.
Hadassa Barros,sd91mS6r&Y,In cumque fugit quibusdam.
Srta. Nina Moreira,#rHCbIup*0,Ex aspernatur numquam nostrum non tempora.
Ian Aparecida,YN9cSiEJ+1,Pariatur veritatis voluptatibus asperiores.
Rodrigo Rios,&C8YoajFKx,Voluptas illo velit tempora.
Maria Luísa da Costa,F5q%Dnpf^),Quia sint eveniet sunt.
Sr. Kaique Camargo,a!MHxvIv#0,Dolores doloremque repudiandae.
Enrico Guerra,Zrnb5_Zn4+,Beatae doloribus numquam voluptates.
Ravi Azevedo,20^qYPtt*p,Minima neque fugit quidem maxime aut.
Sophie Rocha,sC@a3(RcJr,Fuga harum amet totam amet id.
Melina da Rocha,_YQPkN7rO3,Recusandae error velit laborum numquam explicabo.
Dra. Sara Jesus,@t2u2DcmCU,Omnis eligendi non quae.
André Sampaio,5jCA4r^x@D,Consectetur atque soluta exercitationem culpa.
Maria Alice Ferreira,#35Hhi1y#1,Sapiente illum pariatur maxime.
Mariane Ferreira,qB7ZqKwz@1,Explicabo molestiae odio asperiores maiores.
Beatriz Pastor,TCv4SfeMO%,Porro quo eius delectus dolorem cum.
Maitê Borges,%D_8MOKd8+,Similique similique est quae quasi vitae.
Antony Cassiano,cTS*4Get)6,Dicta quibusdam perferendis nemo neque.
Bento Moreira,!G2O(Uzzl5,Doloribus inventore iusto deleniti non.
Nathan Marques,&Ew#DWKmk5,Natus fugiat omnis fuga soluta.
Davi Miguel Sales,8e5BTenN!F,Repudiandae facere dolorum neque odit.
João Gabriel Rezende,&C6KvSIzhK,Tenetur corrupti sapiente aspernatur.
Bryan Machado,_3oQxGPe@F,Animi dolor quisquam ratione nemo aliquid eaque.
Thales Cardoso,%qWf)r$Cx8,Consequuntur dolor vel harum velit amet.
Augusto Oliveira,+xILH3PJ@3,Provident deserunt enim facilis molestiae.
Pedro Henrique Rezende,Ct1Y&f5@g@,Asperiores sunt adipisci est odio accusantium.
Davi Miguel Nascimento,A3C1uRyY^y,Optio est incidunt cum quod iure itaque.
Daniela Novais,N4Ggdi%2$L,Ea deserunt eligendi voluptate.
Arthur Gabriel da Conceição,zP6Ow5OlQ(,Reprehenderit corrupti itaque magni consequuntur.
Lucas Gabriel Borges,@_NkcQX&3N,Laboriosam aperiam corporis rerum fugiat.
Dr. Lucca Duarte,596AfWhY#F,Ad amet molestias iure eveniet.
Paulo Rezende,_7T)4ESXNv,Soluta assumenda quam facilis sapiente.
Yan Ribeiro,3e!0NHThvz,Odio quasi molestiae quasi unde rerum.
Enzo Gabriel Fogaça,tu)S$5ZsOl,Autem voluptate cupiditate repellat.
Henrique Mendes,)sSJo!eaj2,Placeat laborum id earum harum iusto ipsum quis.
Srta. Ana Beatriz Lima,%JNeagXz4r,Eveniet esse corporis perferendis commodi modi.
Kamilly da Mota,^+5Y)3Gn*k,Tempora repellat distinctio consequatur dolorem.
Maria Clara Pimenta,!v9FPUO&L^,Enim incidunt inventore est commodi.
Dante Ramos,b#blcEd4@9,Quis eveniet rem tenetur aperiam.
Rhavi Rodrigues,^G5iAOVvYw,Optio amet libero adipisci quaerat.
Liz Costa,o$2ZQmejSU,Ad asperiores doloribus.
Isabela Aragão,LF9GUgxA$%,Iusto commodi est. Molestiae fuga natus harum.
Sr. Cauê Cirino,0OIVZgth_6,Hic architecto ab soluta et adipisci.
Pedro Henrique Castro,%1PWOLhn$G,Modi eius aliquid adipisci dicta suscipit.
Nathan Viana,t@6(_bEjKr,Provident totam delectus error blanditiis.
Miguel Araújo,@7xnfQIAGj,Corporis totam repellat deserunt error dolorem.
Dra. Zoe Macedo,yaQk3TLV7*,Dolorem dolor iste libero aperiam.
Sr. Josué Siqueira,P+1o$Izj)*,Accusantium voluptas vero est facere cum officia.
Luan Rios,%w(OeNXx)6,Et omnis deleniti eveniet.
João Teixeira,%P0mSMaq_3,Exercitationem nesciunt itaque.
Valentina Melo,QZ*I0DdQ*B,Minima odio nulla maiores.
Enrico Ferreira,)UJ2LHtCzg,Adipisci maxime doloribus maiores reprehenderit.
Otto Ferreira,t(1)YiZDw8,Ab labore nobis ratione rerum illo.
Dra. Nina Moraes,cTW)2K8qd+,Nostrum quae asperiores neque.
Milena Viana,Z2MTmhSP*r,Ratione amet assumenda earum veritatis aliquid.
Anthony Sousa,3b1AjTvc4(,Expedita laborum quae enim.
Davi Moreira,8!X84LKfnQ,Ex consectetur et iusto eaque.
Emilly da Paz,#4KKwU^oEP,Eveniet amet rem ad nam ipsum nobis perspiciatis.
Cecília Vieira,45AKwQKu+w,Eius soluta labore unde natus ad earum.
Caroline Leão,&y8UIMo67&,Maiores saepe amet tempore.
Dra. Maria Laura Lopes,ewH!4NmexP,Fugiat facilis quia harum labore.
Alexandre Souza,Q!0vpEnx1*,Consequatur neque veritatis in aliquam.
Maria Liz Barros,W%x@u+HhK7,Ipsa labore fugit.
Cecília da Conceição,^Y1s1ZoDxc,Quidem inventore voluptatibus alias maxime.
Srta. Maitê Cunha,S!6P+6iqd&,Voluptates amet dolorem quis ab odio.
Léo Costa,&3Ea9d#TKZ,Cumque fugit veniam praesentium.
Caleb Novais,X5OIitUu@D,Voluptates ipsum qui sunt perferendis.
Anthony Oliveira,$l8kJH7r&M,Ducimus ducimus odit reiciendis.
Isabella Correia,@ST28BWfXj,Necessitatibus tempora voluptatibus accusamus.
Sra. Ana Moraes,%xSlPDj771,Repudiandae cumque cum reprehenderit.
Lucca Nunes,O*6*CxEz#7,Ipsam dolorum saepe illo expedita.
Sofia da Cunha,Xw(!1Fq6JF,Vel odio expedita esse.
Carlos Eduardo Caldeira,KijIIcvX&3,Inventore dolore illum mollitia officia.
Srta. Eloá Costa,%Q3Se^DFo!,A occaecati atque ut.
Cauê Nunes,04PlCd)1#+,Neque architecto ratione quia. Ipsa unde maiores.
Bárbara Fonseca,+NVNYAq!4q,Perferendis commodi saepe nobis.
Letícia Gomes,V36DfCis#t,Vitae saepe laboriosam excepturi.
Olívia Novais,%XuG2jMoE%,Doloremque corrupti maxime ipsum nihil.
Luana Moreira,6KhJdo_T%!,Possimus at saepe odio vitae repudiandae.
Carolina Cavalcante,@(pc7YsOax,Excepturi delectus veritatis nostrum asperiores.
Heitor Pereira,fHJ2fAzS+D,Id asperiores deserunt exercitationem.
Davi Luiz Farias,3p^9zR#x+Y,Eius nisi sed.
Sr. Valentim Freitas,h3UJH*pb^),Maiores optio expedita nulla.
Brenda Ribeiro,9hu+&9Xpm$,Maxime enim tenetur mollitia.
Heitor Pereira,ZS4@p2zsv#,Eos doloremque esse saepe est consequatur dicta.
Dra. Marcela Rezende,4h#tZoNd&6,Facilis incidunt repudiandae natus dolor.
Lucas Gabriel Martins,v^V_Jud1(7,Rem vel accusamus aut voluptatem beatae.
Alice Camargo,v*Kak+LQ&5,Tempore minus laborum a.
Ayla Pinto,@Ag!67JrP$,Magnam vero quidem dolore.
Thiago Lima,ws%0@HI)K^,Quasi placeat optio cupiditate.
Dr. João Gabriel Borges,xM4sN6Hk#A,Quasi nulla repellendus illo et.
Dr. João Felipe Caldeira,+$n6FLcUeg,Veritatis voluptatum sed laboriosam quaerat.
Kaique Duarte,$2XczLDnNB,Unde consequuntur laborum exercitationem.
Ana Sophia Oliveira,@8+1AuhNqv,Ullam temporibus perspiciatis veritatis.
Kaique Pacheco,x82RqnM0&@,Fuga odio ratione provident.
Dra. Ana Lívia Peixoto,)n82GDcN7L,Officia debitis itaque iure vitae.
Luana da Cruz,j%8JZaFf&l,Facere ea esse porro culpa autem.
Maria Isis Camargo,w$y49VltZ%,Sint cumque sit illo accusamus.
Theo da Mota,Gtbf0UOP^_,Tempore nobis quos.
Bella Teixeira,H7tLXBpg%P,Quas deserunt fugiat quis cumque.
Olívia Pires,&8fHRp+aSh,Ratione repellat eos incidunt dolore.
Ana Júlia Peixoto,v&5OsnIuHy,Iste tempore libero perspiciatis.
Calebe Costa,&6PQgoUfRn,Quasi in debitis nam magnam ipsa totam ipsam.
Otávio Sampaio,*#4Tpy2f*6,Culpa ea facere dolore.
Liz Costa,v_0PeMgKTy,Optio asperiores corporis cum.
Sra. Fernanda das Neves,#2r2sToBL+,Ex labore harum officiis eum sunt.
Carolina das Neves,h55TI4cG^W,Quos magnam quae nam corporis.
Sophie Cassiano,X1$+Tzqa)D,Pariatur tenetur assumenda incidunt minima.
Daniela Pastor,RE7iH&tj^6,Fugiat sint possimus nesciunt.
Alexia Ribeiro,UQ3QyfGrZ#,Placeat nobis sint repellendus odit nemo.
Dr. José Miguel Mendes,!I2hM*VoFe,Quo ipsam eius velit magni porro iure.
Ana Beatriz Peixoto,TN1%Mgsyq!,A error aliquam explicabo ratione saepe iure.
João Pedro Câmara,z391(VTdg#,In fuga laborum placeat exercitationem.
Arthur Gabriel Pereira,n)6WpR_uq+,Ipsam error modi dolore error.
Nicole Moreira,#2UBLM#m1p,Unde ipsam consequatur asperiores.
Sr. Vicente Pimenta,!82qpOJmtW,Quisquam inventore rem nisi illum omnis unde.
Raquel Cunha,(!9!Ekr_f@,Nulla laboriosam perspiciatis eum omnis.
Maria Cecília Nascimento,)Y48zJzsD3,Tempore illum asperiores deserunt mollitia.
Mirella Gomes,46(2V+3kMf,At ipsa voluptatibus molestiae.
Emanuel Freitas,_9$1Cdu4iK,Totam autem provident possimus.
Henry Gabriel Castro,!br2OxjaQB,Aliquam recusandae quo consequatur.
Dra. Evelyn Nogueira,_4O2cIsuQ5,Nisi earum facilis dolorem minima quas.
Clara Ramos,TL^0N6cg&1,Illum quaerat iste eaque.
Gustavo Henrique Costela,oC(Z6)DvzM,Quaerat consectetur consequatur cum.
Gael Siqueira,vx+g(7SsDe,Sequi quas quae molestias omnis saepe.
Léo Fonseca,+0e*bVJWZz,Quam saepe cumque repellat odit maxime natus.
Kaique Andrade,Ji3w8AOky^,Possimus quasi harum autem neque autem.
Pietro Barbosa,!9ZlmF8p4M,Tempore atque distinctio expedita quam.
Srta. Emilly das Neves,$F1I&FvU3x,Numquam magnam ipsum placeat quae.
Anna Liz da Rocha,TT*91ww2^8,Cupiditate odio enim quo et labore.
Ana Liz Macedo,0+R9WuOdpD,Placeat sapiente placeat ipsum ad.
Mathias Fonseca,ahr3Ef4Fh&,Asperiores earum voluptas aspernatur.
Srta. Cecilia Farias,r%2IBpcwsA,Dolorem omnis ab optio alias.
Vinicius Moreira,)Nbea4Gk&o,Quos animi dolorum voluptate harum voluptatem.
Melina Novais,+0DhxQUd*p,Cupiditate sapiente beatae doloremque.
Dra. Marina Silva,(45E2EyeL_,Ratione neque aliquid corporis vel molestiae et.
Maya Azevedo,D0w@DMew%x,Vitae provident sint explicabo.
Fernando Dias,^_I@T2Mm@u,Quo eum enim vitae.
Benicio Dias,*9yv5A7fF@,Labore excepturi modi numquam molestiae modi.
Cauã Sampaio,goQe%x6&)2,Quibusdam quia fugit vel.
Vitória Montenegro,(2SM_DF*mN,Ad ad sit numquam cumque.
Sra. Ana Cecília Costa,Ak)94G&td7,Possimus quam omnis in odio eum adipisci.
Benício Sá,dXfh4EFyN(,Minima quisquam voluptate ratione.
Maysa Aragão,DKFWSg%q%6,Animi unde enim accusamus accusantium.
Ana Luiza Teixeira,7!761Iu6xw,Voluptate perspiciatis exercitationem adipisci.
Srta. Alícia Brito,!XYH4_5u3Z,Possimus deserunt nam.
Maria Luiza Borges,u!I7(Zh&Q0,Sed architecto tenetur debitis.
Dr. Anthony Gabriel Andrade,$q37XyS&(c,Dolorem molestiae quasi incidunt velit.
Olívia Moreira,ug$6Tli9Zo,Reprehenderit rerum quos ab quis.
Cauê Macedo,e+pu4GIdb^,Doloremque sunt suscipit nesciunt iste.
Mateus Vieira,%sr!0JCpe@,Earum numquam ea eos debitis ipsum.
Maria Sophia Albuquerque,!wbDBwaxJ1,Ullam aliquid eum nemo.
Nathan da Cruz,#MrcVRmoE5,Illum recusandae culpa non.
Gabrielly Melo,y!9D!Gz51p,Quibusdam dolor laborum amet quidem.
Nicolas da Conceição,j%j8WKFtk7,Laboriosam voluptas quaerat quis laboriosam.
Arthur Gabriel Moura,KpzO1Peb^u,Minus sed id architecto harum laborum unde.
Bruna Rezende,z@z7i(YgT5,Saepe amet deserunt sed.
Gustavo Pereira,Ju7Yd3Kf&4,Ratione nisi repudiandae.
Dr. Diego da Cunha,r387MnS9u(,Molestias cupiditate ab.
Vitor Gabriel Montenegro,(#9KGxhGp^,Rerum iusto a magnam eligendi tenetur.
Lucas Montenegro,(1TeMvcU7G,Quas illo quod quibusdam ut aliquam quam.
Yan Leão,sOkS5GIq3&,Ratione nostrum ipsum quia sint excepturi.
Benício Duarte,nj@g%9LkOy,In nemo recusandae impedit perspiciatis.
Dra. Daniela Carvalho,yA4YKH&hO_,Dignissimos a rerum perferendis.
Arthur Gabriel Fernandes,+%8_lOlpIE,Exercitationem dolorum inventore quae.
Evelyn Ribeiro,+zYXvf7j#1,Ipsam quidem quia nihil ut ratione.
Rael Rodrigues,!E1E*p)q2#,Nulla quas enim.
Lunna Vieira,__DN7HLpR8,Id impedit quidem fugit animi unde eius porro.
Amanda Nascimento,#h)9C92btj,Debitis aliquam numquam cum.
Luigi da Rosa,pQ)5U)wxb%,Similique aliquid dolorum numquam.
Theodoro Jesus,(g)3KNTlF#,Et quam consequuntur consectetur aliquid.
Arthur Gabriel Jesus,E^0ajqbO#R,Velit voluptatem minima.
Sr. Luigi Caldeira,$3qRT%ry+F,Tempore possimus eveniet at iure laborum et.
Thales Freitas,H0ZOv9As#V,Soluta distinctio quod a non porro magni.
Bella Ramos,$N&(OEGpn4,Distinctio cupiditate earum impedit eius ducimus.
João Felipe Nunes,%EUKws18@8,Hic qui a ea.
Lorena Ramos,k+@)3+Xtc0,Quia error dolores laborum magnam.
Isis Vargas,#4aFnGn(DQ,Harum pariatur deserunt vitae.
Henry da Conceição,w97QzKvI*i,Fuga quaerat ullam suscipit.
Sr. Rael Almeida,))2@%HKxL&,Dolore necessitatibus maiores.
Lavínia da Mata,&T@tN(qx&8,Tempora recusandae harum fugit minus.
Luigi Marques,)RAP90XkOx,Nulla labore excepturi consectetur.
Dra. Maitê Costela,#3eBQ^ql+p,Numquam magni itaque porro.
Calebe Azevedo,O@1AGXgUVv,Blanditiis corrupti architecto provident hic ea.
Clarice Melo,%^64PwTZIU,Nisi autem inventore quidem consequuntur.
Lívia da Conceição,r3eV8Kp*f!,Omnis pariatur tempore.
Dra. Maria Sophia Andrade,pf86Mm1zd(,Molestias rem dicta quisquam earum natus ea.
Arthur Nunes,)n7S#AWp9w,Vel voluptatem porro unde. Incidunt id molestiae.
Júlia Marques,q1^XfYwk_k,Inventore cum nihil sunt sequi et.
Sr. Yuri Nascimento,f_Bm1ioCnF,Tempore velit sint consequatur.
Emanuella Rodrigues,O5!Sh!JF&_,Cum nesciunt reiciendis error unde fugiat.
Dra. Isabelly da Rocha,Yt9hC3lm_q,Ipsum quam hic nobis reiciendis laboriosam.
Maria Helena Barros,#6VLFnTcv+,Odit officia error quia natus.
Pedro Costa,#QMQEgm!Z3,Libero laborum modi optio sequi eos.
Theodoro Sá,CPNLtFnO^3,Vel dignissimos amet tempore tempore.
Catarina Leão,(Ld0Dks2Md,Sapiente rem quas eius earum reiciendis vero.
Bryan da Cunha,#%X$2McV2h,Consequatur laudantium nam a debitis voluptate.
José Miguel da Costa,#MY7oiFz5B,Temporibus deleniti veritatis provident.
Bruno Barbosa,!MJSkuTR78,Voluptates sed accusamus a quos.
Marcelo Teixeira,8^P8fPpC^),Esse numquam non autem eius.
Kevin Rodrigues,2d*1VIIcUu,Quos sed maxime nam laboriosam atque beatae.
Dra. Alana Costa,VL22MkhC$+,Porro ut consequuntur at repellendus.
Maria Sophia da Cunha,p!5cSQghmq,Culpa accusantium possimus amet eligendi.
Lucas Fogaça,_(99FcteG),Porro nostrum eos quia doloribus culpa minus.
Alana Barros,C0*u0NVd%3,At recusandae voluptatibus tempora rerum quam.
Rhavi Pereira,*7MuGgSvT5,Dolorum minima expedita ad sequi quos optio.
Pedro Henrique Rodrigues,4c3+WrFod_,Praesentium enim debitis eaque.
Miguel Silveira,E5Nb+ahb)U,Nam alias ullam adipisci deleniti.
Mateus Pinto,xs_8BeQPNB,Cupiditate aut assumenda cupiditate eaque velit.
Julia Monteiro,)XM3CBxk90,Vel tenetur quam odio ipsum perspiciatis.
Sara Pires,^nP0MOYhgV,Possimus veritatis laborum iusto.
Mateus Novais,l^J2Lwye@_,Delectus soluta sequi nesciunt dignissimos.
Breno Borges,tv9mx&Td#0,Voluptatem modi facilis amet.
Henry Gabriel Mendonça,e2AzYmZQ)q,Rem dicta impedit suscipit error dicta.
Bruno Pacheco,W^_0Up$x0d,Commodi dicta error totam ab deserunt.
Stella Andrade,*@8M0ZLqEJ,Suscipit distinctio neque.
Sr. Otávio Sales,CNN2A$NxI(,Excepturi recusandae debitis atque accusamus.
Dr. Antônio Lima,)%2+2Qe)Z_,Pariatur vitae veritatis.
Davi da Mata,4z^T4Fv5^K,Ea debitis accusamus iusto pariatur illo.
Sarah Castro,p$1RroVHSr,Nostrum fugit natus sapiente doloremque.
Rhavi Teixeira,i2fGX%Xz!!,Placeat veniam cupiditate dolores dolorem.
Maria Clara Fogaça,%96PWIVaXp,Laboriosam dolor inventore cumque necessitatibus.
Olívia Marques,3a1AgDFP)^,Nulla aliquid quod libero rerum ipsam vel.
Gabriel Nunes,$E4USXg+Ud,Omnis ab porro repellendus.
Dr. Léo Moraes,(P0OTZ9rO7,Qui harum occaecati corrupti ducimus.
Sr. Breno Aragão,@sFy7Jaa4d,Non dolores facere culpa quidem eligendi.
Ana Lívia Nascimento,@4fBPnJtkK,Ab similique quo dignissimos quaerat.
Dr. Samuel Freitas,Qg1T2DGk6%,Consequatur culpa minus cumque.
André Gonçalves,+^bB7ULjs^,Eius animi quo voluptates.
Augusto da Cruz,!jnIlPBjT6,Laudantium illo molestiae pariatur neque.
Kamilly Lima,MW8Yb%ylo!,Explicabo explicabo assumenda adipisci impedit.
Breno Macedo,@09OVocfSG,Est inventore et sint fugit dolorem.
Dr. Gustavo Henrique Fernandes,WJ9rf8r+$$,Qui corporis suscipit.
Alexia Marques,T@X1MhEE@+,Ad quas unde tenetur facilis accusamus.
Sophie Fonseca,e8G07Nyw)p,Occaecati dolor est beatae inventore.
Jade da Conceição,6#Nte1zI%b,A recusandae fugit facilis earum.
Caroline Pinto,)6FTo)gj5d,Doloremque cupiditate fuga.
Bento Rodrigues,kG_7gU2dYW,Laborum sapiente illo maxime alias.
Samuel Gomes,)4fI$bx8+7,Animi expedita quam laudantium.
Melina Siqueira,beU&4jQmiS,Exercitationem ducimus tempora facilis.
Isaque Abreu,39BguxUk@$,Pariatur libero sapiente ab qui temporibus error.
Daniel Aragão,_2G&n5AzOZ,Sunt possimus perspiciatis debitis similique ex.
Srta. Lunna da Cruz,_qy4VLqukD,Reiciendis enim aliquid accusamus ullam ab culpa.
Dra. Maria Sophia Vargas,p!1q@ZqiS*,Officiis omnis exercitationem.
Luna Costa,2kv6In$sx^,Alias vero ut accusamus expedita ipsam.
Enrico Aparecida,+j1zOPpj4!,Aperiam voluptatibus quasi nulla sequi.
Yan Aragão,R4S@x^Mt)U,Fuga esse exercitationem animi repellendus.
Nina da Conceição,o2Z8TADqi!,Commodi inventore omnis eius.
Dra. Maria Sophia da Paz,^wxrCXsv%4,Reiciendis quibusdam facere architecto.
Benjamim Barros,)3aJ(uyhWv,Commodi nemo expedita.
Ana Júlia Vasconcelos,bZ8Sp3UL@N,Officia voluptate autem voluptatum quod.
Davi Luiz Lopes,ckYns1Wsp),Exercitationem ad dolores iusto.
Erick Almeida,a+H*0NXjK@,Quo enim vitae animi blanditiis ea accusantium.
Matheus Pacheco,a*7MqPhdzw,Id nesciunt sequi ducimus architecto quasi odit.
Sra. Maria Julia Costela,Gc$86IWlyR,Illum doloribus doloribus officia ex.
Luiz Otávio Pereira,^&Ll6THhK5,Fuga velit tempore deleniti.
Gabrielly Fonseca,LzGo^ncy#6,Amet placeat atque doloremque.
Dr. Valentim Pacheco,^p1D%y^z!9,Natus perferendis voluptatibus assumenda.
Rafaela Brito,!1hGSlxif9,Corporis distinctio minus explicabo.
Esther Albuquerque,*_P9xZ)p6C,Quo quam nulla sint reiciendis.
Ana Liz Barbosa,cuM2HxrCB%,Natus earum sint quaerat.
Dr. Samuel Rodrigues,(9SBt80v7W,Nam quis voluptatem.
Melissa Garcia,(HbsMEGT0h,Maiores autem laborum.
Sr. Levi Araújo,!^10ifUg%H,Dolorem nostrum itaque eius animi in.
Allana Freitas,NlESV52z^5,Unde eveniet quas culpa.
Isabelly Gonçalves,#XNoZprWy2,Doloribus dicta alias accusamus ea amet minima.
João Gabriel Peixoto,Yz)d1W%V#!,Magni dolorum alias aspernatur quam.
Dr. Bruno Cardoso,zVFI4Ux9v!,Occaecati rerum nam ducimus facilis.
Marcela Barros,%9+VJo2c%u,Doloremque vitae magni necessitatibus.
Yuri Guerra,@36jIDpF&7,Iste sapiente voluptas fugiat enim.
Davi Lucca Alves,!o81TCLBL1,Sequi sint iusto molestias quae deleniti aliquam.
Benjamim Dias,Li0dzMaUF*,Eaque et maxime soluta.
Joana Nunes,+tZYT_fE!1,Qui assumenda eveniet hic illum esse molestias.
Luiz Gustavo Ribeiro,9aGXqqzw)W,Porro asperiores voluptates ipsa.
João Pedro das Neves,zm*8PaTp#J,Commodi molestias sint cupiditate modi.
Lorena Peixoto,%pkQaClgA2,Corporis totam quia saepe.
Ayla Moreira,@p!+LBP&Z0,Commodi eius nemo delectus repudiandae numquam.
Agatha Alves,ghH4^F^Jj@,Odio cum cupiditate quis.
Sra. Laís Barros,+AJF8)fN1c,Eum similique est accusamus.
Mirella Duarte,#*$EcBjx$7,Ducimus illum tempore possimus.
Pietro Borges,+**0XQsMZr,Sunt corrupti cum assumenda.
Marcos Vinicius Aragão,_g4VqgVtC&,Tenetur quod consequatur maxime exercitationem.
Bryan Monteiro,pXcBbdbf$7,Consectetur excepturi accusantium hic quae hic.
Yago Fonseca,M97XTgJv&Y,Minima aspernatur deserunt commodi ipsa.
Clarice Cassiano,8kK6Oae)N^,Itaque in sapiente at illo optio quasi.
Maria Júlia Vieira,#uz7aXVa#&,Ad nulla cum minus corrupti.
Ravy Peixoto,e&D5#JHOuy,Nesciunt illum unde ex quas.
Heitor Freitas,#6s03&HtQk,Incidunt sunt non rem.
Milena Borges,Oz!3KgxH3i,Quae blanditiis deserunt culpa.
Heloisa Costa,vv&+E4Wn(u,Harum consequuntur repellendus.
Lucas Pires,(5ds9gSb_A,Vero explicabo enim.
Ana Beatriz Moura,9_HHw2%%#3,Saepe aliquam temporibus.
Sr. Renan Gonçalves,!Vdp%#Br0v,Quod dicta ad accusamus beatae delectus iusto.
Antonella Lopes,s*4dNQ$a*A,Fugiat neque corrupti possimus expedita.
Eloah Silveira,(6Y%s)Lo5E,Autem sunt repellendus hic rem dolore.
Mariah Melo,!lF$l5Xv*3,Molestiae sit consectetur.
João Guilherme Almeida,4PC)HTAd!p,Amet quis suscipit itaque minus.
Isabela Gomes,)&V@4HGmk(,Possimus quod ducimus eos blanditiis.
Lunna Alves,@J7rd_Tx!+,Sint fugit quia error quasi non debitis.
Sophia Aragão,(Oq6Qk_+KE,Sit nisi expedita minima qui.
Raquel da Cunha,$b5Qpyaac8,Labore inventore eaque quas.
Dra. Esther Vargas,X(DX2CYdMe,Consequatur cumque sit.
Alexandre Araújo,^5wQz+xuI6,Tenetur iusto blanditiis harum ullam.
Théo Gomes,u3GgL_lJ&f,Repudiandae architecto nisi labore ullam id.
Sr. Mathias das Neves,T*4PYT@u*),Corrupti eius nam explicabo est.
Erick da Cunha,hVHf6Lmj%8,Officiis minus a occaecati aliquam labore sequi.
Mirella Macedo,qr7jhGkA!T,Cum magni libero. Libero debitis animi.
Gabriela da Mota,gP87RiZsU(,Dolor quisquam magnam omnis rem minima.
Eloá da Rosa,AM)p5MZxD1,Suscipit facere accusantium fugiat.
Maysa Carvalho,!xWUve2b7A,A cum unde quia eaque. Occaecati omnis enim nisi.
Ana Laura Almeida,&zSo!s4yP9,Occaecati beatae maiores eaque recusandae.
Isis Nunes,L*q2iMCfBj,Itaque facere et iusto et odio saepe.
Sra. Isadora Farias,_N%SSU0q*9,Odio eos labore autem.
Miguel Brito,8mQV_p$3^S,Suscipit nisi illo atque.
Antony Nogueira,R$!2kdDsGY,Ab nesciunt voluptatibus odit maiores velit cum.
Sabrina Pacheco,fP1XNctT#5,Voluptates in est alias.
Luiz Miguel Souza,1!&2Y)rHLL,Nemo iure ullam nam quo.
Danilo Costa,$Y%bVvCD7o,Voluptatem neque placeat nobis.
Alana Martins,*3Gf1i!g@),Odit corrupti beatae reiciendis rem eum.
Gustavo Henrique Nascimento,@1Z5Wk3++8,Dicta perferendis distinctio corporis similique.
Kamilly Santos,h0f@M6y&*n,Incidunt quasi praesentium quam odio.
Cauê Barbosa,(dw0Ta*C1+,Earum ex minus aspernatur numquam sint.
Dr. João Guilherme Pastor,@eXTCdqm!7,In quis molestias neque.
Levi Fonseca,%++4euOsSh,Nulla quo id voluptatum.
Henry Aparecida,*1OyXNqgRX,Optio magnam excepturi vel dolores quos.
Alexia Costa,#5LU3Wya#7,Accusamus asperiores eaque odit libero.
Sra. Hadassa Martins,IzW52LLo*5,Impedit consectetur in libero.
Maria Laura Fogaça,kOh+63Dj^^,Quisquam mollitia ab atque.
Isabella da Paz,%rDpQ1)F!5,Inventore ex ipsam qui excepturi deserunt in.
Henry Cavalcante,q+Y6mLyi^8,Fugit deleniti inventore hic iste in hic.
Srta. Agatha Campos,n!TO&5D+!5,Sunt quae consequatur rerum tempora.
Maitê Marques,68VqvhSy@b,Amet ab perspiciatis porro repellat ipsam nemo.
Júlia Castro,X543m5)o&z,Praesentium nisi facere.
Aurora da Conceição,(YzCAGl30k,Quam dolores ut distinctio fugit.
Maria Vitória Oliveira,r5X*d+7z)4,Molestiae non perspiciatis.
Nina Sá,c(^4Fnp&o@,Natus animi doloremque sapiente.
Dr. Vitor Hugo Sousa,NV_97df3c_,Voluptas distinctio occaecati cupiditate.
Laís da Costa,*7SA!LWnr4,Doloremque nulla cumque nobis illum libero.
Guilherme da Luz,*16E&KOqgH,Fugit modi porro.
Dr. João Lucas Ferreira,t$0UO*xRh5,Vitae nobis id totam minima iure amet est.
Sra. Lívia Pereira,3x*2GAyO&7,Dignissimos magni doloribus architecto.
Ana Clara da Cunha,b+4W4EdTkE,Similique quasi cumque voluptatibus commodi.
Juliana Porto,&Sv8WEIdx7,Iste tempore molestiae enim cum id.
Bianca Silveira,)#EuqqjG1$,Libero eligendi ipsam nemo.
Arthur Monteiro,Q%1VUc*ox$,Quisquam ex quisquam qui.
Felipe Silva,D*4MSM1kKA,Voluptates pariatur dolore. Vel in pariatur quae.
Pietra Fogaça,4cN$z!vi^&,Iure suscipit praesentium nihil sapiente ea.
Carolina Azevedo,YFU4KhQdk%,Autem velit nam illum sit veritatis.
Rafael Novaes,DaNpx9n+_4,Veritatis totam quam rerum nemo veniam.
Catarina Rios,zhXHKuho^5,Exercitationem dolorem totam explicabo eligendi.
João Gabriel da Cruz,5!0AkT6_mh,Assumenda vitae illum earum cum quasi animi.
Lara Aragão,7@wM1WE1Iz,Beatae numquam delectus occaecati.
Sra. Lavínia Fogaça,6ZwGsyP8^3,Nobis hic facilis saepe provident sit quaerat.
João Miguel das Neves,+7zW*BrP*#,Quam magni suscipit commodi placeat quod quis.
Jade Mendonça,%o9LoyvuM%,Ad ad sit ipsa.
Dr. Heitor Cirino,C60BIXknL+,Labore non sunt dolores error eum illum.
Théo Albuquerque,dz4fF2SR)7,Consequatur cupiditate fugiat quis.
Ana Laura Lopes,!M%2Kmx2^W,Ipsam beatae cum at ut quisquam explicabo natus.
Letícia Rezende,&2W4mYed%4,Reprehenderit nihil similique laborum.
Brayan Nascimento,c#78jByn&X,Alias repellat quasi saepe vel.
Davi Lucca Mendes,!43SZJn&56,Totam voluptates minima quos magni aliquam.
Vicente Alves,9L%W6BFvFO,Doloribus nesciunt ea.
Mathias Freitas,X&5Q_2Ukus,Consequatur ipsa saepe.
Anna Liz Montenegro,f76Q8Nri$+,Reprehenderit sunt eligendi.
Sara Silveira,+7hhEwZ2AE,Eaque libero excepturi fugit quae a.
Ester Silveira,#6FYzQeiEN,Id nisi perspiciatis placeat delectus.
Caroline Brito,!@96TZUl#H,Impedit accusantium eos porro suscipit.
Pietro Macedo,KY!46SQzw#,Optio velit incidunt.
Srta. Ana Macedo,Qro8MCEf$y,Sint illo eaque deserunt.
Yago Cavalcante,P6&Leuf__m,Qui libero nobis laudantium.
Arthur Miguel Cavalcante,$RK5ZBhX!_,Earum aliquid recusandae sed.
Apollo Cardoso,ojo0LQqp*y,Nesciunt sed vel temporibus optio iusto illo.
Antônio Gomes,&5+InO1pfW,Soluta dolorum quod est labore aliquam eius.
José Pedro Moreira,@0STvqEJK%,Porro quas repellendus dolores enim ducimus.
Noah das Neves,r6NKuXI)_X,Quos soluta veritatis dignissimos.
Heloísa Rodrigues,*L0Ski)QSt,Natus iste quo temporibus.
Vicente Leão,fY7zQE*h@l,Ea architecto labore sint.
André Rios,$6yQTfAm0*,Nobis enim quis corrupti.
Vitor Pinto,rLT0GJxt&+,Quos odio nostrum voluptatibus.
Arthur Miguel Mendonça,zI88FEjO)0,Pariatur itaque non rerum.
Stephany da Rocha,&4Rid7uKuP,Corporis officia nobis officia mollitia.
Srta. Ana Clara Castro,2A4UBaV@h%,Illo id atque iure quaerat.
Antonella Pinto,H(5Ghz^L%L,Ipsa quas est id neque aperiam itaque nulla.
Benjamin Pereira,u3YZykKf@G,Cupiditate alias sint qui cumque et.
Alexandre Abreu,)6L&85UeR4,Vel iusto id.
Maria Helena Moura,*Y#1^OUkW*,Explicabo unde magni numquam earum repellat.
Lucas Gabriel Novaes,@3NN8Ca^S*,Voluptate veniam illum ab deleniti.
Carlos Eduardo Ferreira,BpgZN6m&_0,Ipsa nulla occaecati quisquam dolor.
Antony Araújo,(xfd1LJlla,Eum adipisci sapiente mollitia odit.
Daniela Câmara,E0ROwZf(^d,Cupiditate molestias provident.
Enzo Vasconcelos,@e+07ARnM@,Quia rerum quibusdam eaque odit.
Luiz Otávio Rios,Bo!3JL$f*S,Voluptatibus quibusdam sed recusandae enim.
Marcos Vinicius Rocha,L^c84Wozn2,Laudantium architecto iure ex.
Henry Gabriel Caldeira,$t6OBSjnr^,Tenetur amet labore cupiditate.
Brayan Sousa,2S0DEaijF_,Blanditiis fugiat nam.
Felipe Borges,v&ojAeS2Pq,Nemo dignissimos quia provident nobis.
Sr. Marcelo Aparecida,P$1bUABy1C,A asperiores architecto labore exercitationem.
Henry Gabriel Gomes,jT)8)Vyu64,Mollitia eveniet enim fugit accusantium.
Gabrielly Rodrigues,kU%FX6hs^6,Quam expedita libero.
Juan Brito,29D5rf4)&g,Est ratione quas quam rerum excepturi modi.
Eloá da Mata,+ILTc1(G95,Saepe sapiente provident porro delectus porro.
Emanuel Costa,R98kdYXN_j,Ipsam dolor enim iste saepe pariatur.
Dra. Maria Sophia Pinto,$48LapJMp8,Provident eius eligendi hic.
Dr. Thales da Paz,#7RUCCv#G),Veniam libero voluptatem.
Alexia Pimenta,U&45Pi_!D9,Hic libero dignissimos maxime officia commodi.
Dra. Ágatha Fogaça,#4qyq4LrtY,Facere quia expedita corrupti.
Marcelo da Rocha,$+1KVsxAO$,Expedita iure vero perferendis.
Dra. Allana Duarte,)fUFfDI$^3,Impedit optio recusandae asperiores.
Alexandre Oliveira,+0XZFyoF&0,Numquam ad maxime ea perspiciatis est quisquam.
Beatriz Novaes,8+Sw4O&lj*,Et eaque odio impedit autem nisi.
Sra. Amanda Farias,h!2TOZOjkR,Ad quisquam laborum similique dolores commodi.
Enzo Marques,)FpYI2o7^0,At qui sint culpa.
Maria Vitória Cassiano,i2STr+M&^f,Explicabo enim minima quos quia.
Cauã Casa Grande,*dSPNOc+R7,Ullam repellat ipsam sed eaque.
Maria da Mota,_F7#KMMoEi,Consequuntur error quidem nam.
Sr. Kaique Santos,!aVVU&xV5K,Omnis illo ipsum earum dolorem eveniet.
Maria Isis Silva,^^ZTT$BkZ6,Totam quam nulla quas.
Natália Albuquerque,*_SB(Adbp0,Sequi consequatur quas cumque odit.
Maria Sophia Abreu,&)0WcaMhCH,Quisquam quae cum quia eum magni deleniti aut.
Agatha Borges,8Vtu9Z#cB+,Natus voluptas soluta. Odio dolorem aperiam.
Marcelo Cavalcanti,!(K3IcM$oc,Eum facilis sequi maiores.
Asafe Jesus,L8DzPvnb^L,Molestiae impedit maiores.
Asafe Marques,l+3^2^%o(S,Reprehenderit similique sapiente maxime.
Emanuelly Fogaça,4q*DQqGg&n,Voluptatibus doloremque ex est molestiae aut.
Luan Azevedo,+A8QMhuork,Enim magni culpa nisi nulla soluta in.
Antony Siqueira,i&7cBIgpe*,Perferendis suscipit vitae.
Srta. Isis Novaes,Yn1U0^_%v*,Sunt dignissimos corporis nulla.
Júlia Freitas,$9+Ny*d0va,Vero esse mollitia.
Catarina Rocha,@2olEtrcRO,Accusamus facere commodi.
Marcela Camargo,LiNh)1+I&2,Harum eum atque suscipit nobis rerum.
Srta. Ana Beatriz Caldeira,&3HALlpglr,At quas ut repellendus dolore.
Noah Nascimento,&h3ASwb)w*,Molestiae unde saepe facilis tempore ipsum.
Sara Costa,E_2VXnc5(v,Recusandae nihil in officia nesciunt possimus.
Sra. Isabelly Fonseca,J(7wJ0&)7w,Est in laborum ut quis in.
Pedro Sousa,#33JopQ#1i,Nemo sit vero molestias deserunt deserunt illum.
Juliana Farias,73^Icj%z!R,Iure iusto magni rerum quo.
Enzo Gabriel Ramos,Gl$s8hOtjT,Dolorem veniam reiciendis est.
Heitor Peixoto,@8Yw%AsF&d,Unde debitis tempora hic.
Dr. José Aparecida,(sQOLt(46G,Dignissimos pariatur beatae laborum alias maxime.
Matheus Novais,+2oRiBlGmO,Perferendis modi repellendus sequi.
José Gonçalves,%f_4RIsSzM,Possimus laborum aliquam.
Oliver Lima,@DSI1rA7K4,Beatae eius saepe distinctio ea deserunt.
Josué Pastor,O7u!+Dtr*%,Iure maiores quasi laboriosam nobis.
Danilo Correia,c^8xDhkHR&,Suscipit vel nostrum neque odio quibusdam.
Renan Jesus,%s2PH^q*@Q,Quisquam ratione at delectus.
Sabrina Cirino,$1h#Qiqw2F,Magnam at id nesciunt impedit debitis.
Maria Laura Mendes,AQ6CKzZe1@,Iste voluptatem optio maxime consectetur aliquam.
Miguel Pimenta,&iLSKfwb_0,Similique dolorum sint aspernatur fugit.
Caroline Lopes,SOO2%oVt*2,Deleniti deserunt nam at explicabo.
Fernanda Viana,xFyOiXac#5,Vitae deleniti itaque dolore.
Daniel Rodrigues,(gg4CluWL6,Aliquam sequi unde nisi ratione animi.
Vitória Dias,aR1ugZcn^4,Sunt minima quibusdam sed qui.
Isis Melo,+jv7UCvmWl,Rerum accusantium animi omnis.
Benício Pereira,Wh5HTP(q#5,Quis aut quos neque doloremque doloribus.
Augusto Mendes,ulL*4fOG)5,Consequuntur est ullam beatae earum sunt ex.
Dom Pacheco,!cbyRr+fn8,Temporibus ex eius occaecati earum.
João Pedro Câmara,&3QXHP*nIv,Tempore sunt numquam aut exercitationem.
Renan Sousa,)6M2bwW9y3,Autem sapiente voluptas nisi distinctio eum nisi.
Maria Luísa Pereira,O55h#Uzc+V,Error optio officiis commodi.
Dr. Bernardo Brito,@pPa5+RoCz,Praesentium facere id vero rerum recusandae.
Josué Martins,)S1GGfcE8e,Et temporibus quidem sunt sapiente beatae.
Maria Julia da Mota,SJ3q9JfEx+,Explicabo eveniet laborum quo expedita accusamus.
Allana Teixeira,k0$9ZrSZXE,Ipsam nam maxime ut porro animi.
Otto da Luz,avA2Y0CY@),Reiciendis quaerat aperiam recusandae.
Dr. Bruno Alves,dfOCSv!6+5,Repudiandae neque quidem quas nostrum.
Maria Julia Cavalcanti,o3uZhT#f&e,Soluta molestias earum ipsam quam.
Ravi Lucca Sousa,%eXIr09h31,Tempora corrupti porro autem optio quo magni.
Bárbara da Rosa,2*_9AOwZb8,Ex neque sint. Velit rem voluptates beatae.
Antonella da Mata,(9F6Vsnn*d,Officia voluptatibus officiis blanditiis.
Levi Nogueira,@7!Q*hNonV,A sunt eos. Ex ratione error.
João Gabriel Nogueira,@5KOh0cLmi,Culpa dolore minima tempora praesentium quidem.
Dr. Juan da Rocha,P_1UI19oTL,Omnis aut optio quisquam quo atque iure.
Pietra Novaes,)0n1dVedET,Tempora unde sunt nemo quidem.
Heloisa Sampaio,J#4UH%TY5f,Inventore a explicabo tempora quibusdam dicta.
Srta. Natália Fernandes,%xx3Ck_zLv,Ipsa autem consectetur laboriosam.
Sra. Julia Caldeira,P^!21Ho2rg,Minus consequatur et iste voluptates doloremque.
Isadora Martins,+lQoDb1Q2n,Alias sit in vitae.
Dom Gonçalves,cx9@fAFjP$,Ut quo ipsam. Vero modi ipsa rem sunt molestiae.
Dr. Renan da Paz,H6oTLktv^d,Voluptatum porro ex eos commodi.
Breno Costa,SsU41sCoi@,Possimus ipsam nam expedita nesciunt labore.
Maria Laura Cavalcanti,#z3*6NEjpF,Cum deleniti amet.
Ana Beatriz Viana,%e_8KHoIIZ,Laudantium libero praesentium.
Rafaela Lima,V6GfF5Sa#@,Nisi in error nulla dolorum dolorum.
Liz Barbosa,#LVp7LMv0(,Officia cum commodi molestias laboriosam culpa.
Murilo Duarte,eG1%KTtR(^,Vel quod ducimus.
Raquel Farias,6H51aS#fQ@,Veniam at quae quos.
Evelyn Machado,Q5f&A+Wi)2,Aliquam magnam doloremque ratione.
Luiz Henrique Souza,34Fhd%nZ^A,Animi quidem cupiditate quasi.
Samuel da Costa,_JBKAL@oT5,Est esse sunt ducimus sequi eveniet corrupti ut.
Maria Cecília Souza,SDRaRtFJ(1,Atque deleniti magni expedita molestias aperiam.
Marcela Campos,W8DY$71u^w,Ea consectetur in hic.
Lucca Castro,u*1%V_s#Or,Nesciunt aperiam magni.
Srta. Hellena Costa,*2H+Bvzu4+,Ad saepe aut dignissimos minus.
Ana Luiza Monteiro,XZ$9XgdBv#,Quae exercitationem saepe modi nobis quia.
Srta. Maria Julia Rios,@Eo8Y^qu$5,Porro soluta voluptatum molestias.
Luiza Silva,^I27cMjvt8,Natus nobis praesentium unde amet.
Catarina Vargas,E7L!dEI!@L,Labore veritatis esse odit illo labore.
Lívia Nascimento,!1gM5DbdAR,Pariatur earum architecto.
José Brito,^6BnViruC$,Laboriosam at soluta quae illum quisquam numquam.
Bárbara Nascimento,$g3GkYq@n6,Possimus delectus laudantium vel sunt.
Sr. Matteo da Conceição,cX7D_vl@_s,Minus placeat placeat sed.
Maya Fogaça,QxTZB#J3#4,Magni rerum libero adipisci tempore officiis.
Dr. Lorenzo da Conceição,+Of$#6nZZ&,Pariatur eaque saepe dicta ea.
Sra. Luna Abreu,O5Gm+fzI^#,Est quidem officiis eveniet iste rem reiciendis.
Sr. Noah Freitas,(ud88BOle5,Magnam nulla fugiat mollitia.
Maria Julia Melo,$4UYXThDwd,Eius sit magni quas recusandae nemo et.
Alexia Macedo,)#Ai7FRyw7,Nesciunt maiores debitis.
Ana Carolina da Rocha,055Z^hNV#u,Vel praesentium aspernatur doloribus cupiditate.
Emanuella Viana,dTHr)s7nn),Optio molestiae autem quaerat facilis qui.
Laura da Cunha,O2%6L!SoSq,Molestias labore error hic ea natus.
Sr. Matheus da Rocha,(_A7Cds0Wh,Laborum tenetur vel tenetur molestias quas.
Ana Sophia Montenegro,WO1WidVO*1,Mollitia numquam dicta.
Marcelo Pacheco,FPH3H&tF+4,Nam ut repudiandae sint eveniet.
Dra. Manuella Souza,X_53ROEw@p,Consequatur sed id ut consectetur earum magnam.
Srta. Agatha Monteiro,91cbIZr4*n,Quisquam eum dolore asperiores rem natus.
Jade Sampaio,b+j8RL+mj1,Saepe eveniet excepturi distinctio reiciendis.
Liam Machado,^N52EfUcbJ,Ipsam veritatis sit.
Bernardo Pimenta,J7G44_If#I,Veritatis fuga ipsam eius explicabo fugiat nam.
Ana Beatriz Jesus,#jT%k!UI^5,Unde recusandae impedit at.
Lívia Pinto,9PZd1MQfa#,Enim libero fuga laborum animi.
Mariana Carvalho,gM2t4PxW%*,Voluptatem est accusantium odio.
Isabelly Fonseca,+1QX$PWz0e,Vel libero eos voluptates.
Dr. Gabriel Barbosa,)hKKa)sNv7,Aliquam quo deleniti.
Joana Campos,Nj*9mCaa88,Illo deserunt natus rerum voluptas similique.
Maria Alice Sá,LscOijv1(0,Beatae unde quam dolore.
Juan Azevedo,%4y1yAia+U,Rerum veniam deleniti.
Laís Gonçalves,Z0QdgzaC*),Suscipit molestiae sapiente sint.
Benjamin Farias,0n!R2DjFXo,Nisi modi occaecati ut maxime eveniet.
Jade Lima,&2W)KMsP$x,Earum corrupti esse quaerat.
Nicolas da Mata,!$eO3LKzq$,Hic ipsam velit quidem.
Julia Cassiano,*k3(Ml%B!$,Iste architecto qui saepe rerum assumenda.
Alexia Pimenta,^D8Eu_f6v&,Cum nobis fugit inventore unde.
Rafael Santos,o^30tFh08&,Consequatur neque dolorum error temporibus.
Sr. Samuel Garcia,E8RLgao9)m,Sint esse culpa mollitia.
Anna Liz Machado,i_N7CSgYJf,Tenetur illo laudantium necessitatibus earum.
Ana Julia Ribeiro,M3TTFugd_t,Consequatur molestiae omnis.
Davi Luiz Andrade,%k^E42Upi4,Iusto eligendi ipsam omnis nam vero suscipit.
João Gabriel Vargas,+*+3Zb7fh$,Itaque dolorem sunt soluta.
Alana Andrade,X84WbLPd$s,Dolor nesciunt dolore tempore.
Sr. Rodrigo Leão,#6Dva7R(@^,Sapiente quaerat consequuntur eaque numquam.
Sr. Isaac Novais,_2!7INnaQf,Iure excepturi quae sint vero.
Leandro da Rosa,(n72zBuw&),Ratione odio ullam est.
Vinicius Macedo,(3ZS&QD0Jn,Quis nesciunt occaecati.
Dr. Luigi Castro,#F@#1WQkzY,Ipsa magni blanditiis quia. Est iure enim sit.
Bruna Barbosa,L77K6#kfE!,Nihil minima porro eius nisi vel.
Sr. Diogo Freitas,W+4ryWil7e,Asperiores tenetur modi.
Isaac Araújo,pa5_XS*(+6,Eveniet provident voluptatum reprehenderit.
Theodoro Oliveira,#&5FBV@v%q,Quo tempora doloremque cumque.
Arthur Miguel Teixeira,&p1HbOv#@7,Voluptatum temporibus vero ipsum non perferendis.
Natália Campos,iuZDnw_#!7,Quidem eos fugit quasi.
Anthony Gonçalves,+(vbFZIuR9,Explicabo illo assumenda dignissimos.
Srta. Ana Carolina Pires,4a4EyXfg%Q,Hic recusandae iusto vero. Provident eius ea.
Theo Gomes,q1QexfJy(6,Natus eius quod porro labore dolore.
Eduarda Alves,B+Ar0IatcW,Quae deleniti assumenda.
Ana Carolina da Rosa,6rpgPQ5I*%,Modi quasi deleniti nemo fugit.
Nicole da Rosa,*8ZLv8jHY6,Non quo officiis voluptate ducimus vero quidem.
Srta. Maitê Mendes,_8YAxvo&!e,Minus enim consectetur illo laboriosam magnam.
Anthony Gabriel Novaes,wB_5Q5rJ^(,Voluptatem voluptatum enim aliquid sit eos.
Gabriel Cavalcanti,^QRq5YajK!,Repudiandae fugiat vitae facilis.
Emanuella Azevedo,ALOC4^r2+6,Labore omnis eaque. Modi dolorem nemo.
Enrico Porto,^32NH%naTM,Sapiente molestiae impedit rem nemo odit.
Maria Júlia Albuquerque,*cr@5Ipt2L,Corporis porro iste dignissimos.
Yan Cirino,%!HZFa1g+3,Quam quidem quis pariatur nulla.
Pedro Henrique da Mata,K!3fFksrrT,Facere nesciunt animi inventore quis minus.
André Ribeiro,A7)VVWpM*8,At illum perferendis. Dolores maiores reiciendis.
Maria Helena Pimenta,BaNtNvdT!2,Libero asperiores ducimus veniam.
Marcela Pastor,%Zz6Un)#@#,Hic nisi quam corporis excepturi aliquid.
Srta. Amanda da Cruz,*CO#19hy79,A ad error.
Beatriz Moraes,#*k4DA+z6c,Quas laudantium dolorem exercitationem harum.
Ravi da Paz,$EZC%Y%c2M,Voluptatum ducimus quas laborum omnis itaque.
João Vitor Cassiano,^a_gD(Jn%4,Illo libero iure delectus voluptates ducimus aut.
Vinícius Jesus,Fk5TXGJq@!,Quibusdam provident nisi repudiandae sit.
Pietro Duarte,O1FlH0_U$y,Repellat itaque exercitationem accusamus.
Luigi Monteiro,^19Tsj4OM7,Porro aspernatur quaerat quia asperiores.
Ana Luiza Fonseca,Dr(6OKb_+p,Cum aspernatur eveniet enim.
Dra. Maitê Ferreira,b)*mT7KtQm,Saepe saepe suscipit iste porro.
Mariane Aparecida,)%tjA1YxlL,Ipsam deserunt qui error.
Srta. Clara da Conceição,+P1gZusjPY,Qui recusandae ratione ea voluptates nisi odit.
Enzo Viana,*@9AAu$b4t,Ex ea est quos impedit nihil omnis.
Miguel Sampaio,!@I9wFQzW5,Provident unde quisquam expedita maxime iusto.
Srta. Amanda Moreira,r!@18CtemY,Fugit atque at quia sunt.
Marcela Correia,$7AI3vFaNn,Quis enim molestiae quidem enim.
Renan Barbosa,1x5Jz8w^@$,Placeat ab non molestias quidem culpa.
João Campos,W47BHhKck#,Libero ad vel aliquid odio.
Ísis Nunes,&YDV5Nw278,Expedita exercitationem cupiditate at.
Aylla Fernandes,rEBY6KMul(,Tempore pariatur earum necessitatibus.
Eduardo Moraes,Mvh1%JWk#%,Quod sint numquam quos distinctio itaque eius.
Davi Lucas Santos,6qq^LFrr@a,Officia totam accusamus sed est ipsum.
Luiz Felipe da Cruz,b6WS%Rrm$y,Nulla maiores nisi esse officia fugiat.
Carolina Teixeira,+ql1JOtre2,Voluptatibus quae tenetur quidem distinctio.
Sr. Bryan Duarte,3J%RzQjw(&,Voluptas eum sunt in architecto id assumenda.
Nathan Machado,q$A8U46PNu,Rerum aperiam cum molestiae nihil.
Gabriela Cassiano,#a8MJjh7_m,Esse iure eum consectetur perferendis iure.
Lívia Sousa,gb9AnwT((e,Occaecati magnam necessitatibus voluptates.
Pedro Nascimento,qa16S*tqA&,Dicta ratione quos quo maxime amet.
Arthur Gabriel da Cunha,l7KzEz1I#%,Eligendi sed maxime illo.
Ana Julia Freitas,B343THg(*Q,Voluptatibus nihil autem.
Leonardo Teixeira,)@2eX*E6bv,Pariatur tempore doloribus.
João Felipe Sales,*(04BTpxUM,Atque placeat suscipit illum quis dicta libero.
Theo Mendes,T2PMckQ+)Q,Fuga tempora totam tenetur praesentium quod rem.
Lucca Cirino,Q5O!2GaAcw,Corporis pariatur explicabo porro.
Breno da Paz,7L2^mMLud#,Animi labore autem laudantium nihil.
Melissa Ferreira,%f27ZLpNEj,Expedita cumque excepturi accusamus quae.
Aylla Brito,*KTZI#j7C4,Delectus laboriosam accusamus.
Caio Porto,(QChqFD&M2,Officia at hic odio harum voluptatibus.
Sra. Maria Sophia Guerra,*3LoZ*q98K,Vero fugiat officia molestias.
Sara Lima,$6Dy2fNalb,Debitis sit commodi natus voluptatum.
Thales Vasconcelos,8&%45A3pIi,Ea cupiditate itaque aut.
Antony Cardoso,@2GzAVuSgG,Sint harum aspernatur quisquam.
Alexia Souza,(g2NH0Ie5v,Veniam beatae cumque itaque aut officiis illo.
Rebeca Mendonça,)c)oXIlu22,Modi cum eius quo.
Melina Brito,c@3(OEf%hF,Error repellat omnis nesciunt corporis.
Dr. Cauã Casa Grande,WG2Ivdpvf%,Quos incidunt ut labore.
Dra. Isabel Vasconcelos,7(6T%s&S)C,Dolorum mollitia ipsam maxime.
Noah Pacheco,jtKIaPzl&6,Quo magni sequi deleniti.
Dr. Lucas Gabriel Macedo,T1ozqD^2+e,Ab soluta dolor commodi fugiat.
Marina Novais,LA!7PSCxKU,Vel qui eligendi veritatis tempore.
Dra. Raquel Lopes,%52%!&YdEF,Asperiores qui at sunt saepe a.
Dr. Benicio Ramos,_^BJ66Ts#6,Dolores quia autem facere ullam mollitia harum.
Dr. Marcelo da Paz,5v0MAT!j*),Necessitatibus itaque sint ut corporis.
Maria Luiza Moraes,@y3vAaEt#6,Enim aliquam tenetur molestias beatae.
Stephany Siqueira,#oh&ykQ42d,Eveniet quos nam iure.
Dra. Mariane da Mata,J#Y!5NyBrR,Qui iusto iure totam inventore suscipit fuga.
João Guilherme Silveira,3)L8W0X#3k,Aliquid cupiditate earum voluptatum.
Sra. Laura Nogueira,&hi6S@ulXp,Odio nesciunt assumenda aperiam aspernatur dicta.
Luiz Miguel Mendes,0&QooRLB!d,Distinctio voluptatibus consequuntur maxime.
Lara da Cruz,A0h@JwUh!7,Facilis numquam exercitationem placeat earum.
Srta. Maysa da Conceição,)7BymH+wA5,Impedit est expedita doloribus illo unde non.
Dr. Juan Almeida,sIypCN_c+2,Consequuntur aperiam rem qui perferendis est.
Camila Nunes,ZrkK0TfO+L,Saepe omnis quam.
Diego Mendes,$ZmX+WRm3Q,Nihil ea dignissimos sapiente.
Pietro Rezende,Zg__AnII$8,Doloribus unde rerum officia.
Benjamim Rezende,*PtD(@xY02,Harum atque rerum.
Dr. Raul Silva,2cQ!vz_e+#,Ad neque odio sapiente praesentium maxime.
Noah Castro,*f2F8emp*G,Dicta ratione minus ex.
Pietro Pastor,5c52YKd*N*,Explicabo est corporis ducimus.
Arthur Jesus,^U6irSkfQa,Harum saepe officiis excepturi.
Sra. Clara Abreu,e1@3Ib5_8I,Nulla nobis aut ipsa veniam.
Ravy Melo,BPD459#w*$,Occaecati porro architecto perspiciatis.
Gael Mendonça,s9Krl(mi!R,Soluta ipsum quam iusto. Saepe quod odio.
Dr. Pedro Henrique Guerra,lr6rh(Bw^_,Nihil iste assumenda id temporibus.
Dr. Ravy da Costa,O*XoKiuc_6,Quos numquam delectus sapiente.
Laura Gonçalves,@v7WQt%y+g,Ab dicta fuga quisquam odio illum repudiandae.
Otto Pastor,&1@zUz+R9D,Amet sit delectus quibusdam.
Maria Vitória Costa,bL44YZqZW%,Atque repudiandae laborum dolorum repudiandae.
Apollo Novais,t$26FDqlb5,Iusto error corrupti modi quasi similique in.
Rebeca da Mota,q7oVSHqP#8,Dignissimos cum quas. Explicabo eum adipisci.
Nathan Siqueira,^^6KJ2c8V9,Neque quam quia aliquam.
Josué Leão,rDsOL*7f+9,Natus ea odio nesciunt.
Heloísa Cirino,*9G2aT$^pD,Delectus tempora voluptates nihil.
Dra. Maya Nunes,G3Xgxm@v*P,Exercitationem quibusdam fugit suscipit.
Alexia Araújo,+IY2foZflG,Numquam doloremque quis dignissimos alias.
Davi Lucas Guerra,4p^1uHsvL^,Earum quis neque quasi assumenda accusamus.
Luiz Otávio Pacheco,!ckf5Jc%5^,Maxime assumenda eligendi.
Gabriel Santos,A58nL_eg$G,Sapiente eveniet dolores quae ipsam delectus.
Catarina Jesus,x$p7Dtt1dA,Vero facere consectetur sequi ullam odit.
Theodoro Martins,jtiQlUz2_3,Eum nostrum consequatur vel repudiandae vel.
Anna Liz Moraes,_#Sxgk7Fd0,Optio laboriosam quo sed.
Daniel Souza,Pl7I1GfC_9,Accusantium aliquid dolorum deserunt id.
Pedro Henrique Ramos,Yl6$YxSn7@,Quo aspernatur quo culpa repellat.
